{
    "$schema": "https://schema.management.azure.com/schemas/2015-01-01/deploymentParameters.json#",
    "contentVersion": "1.0.0.0",
    "parameters": {
        "name": {
            "value": "RIPLC"
        },
        "location": {
            "value": "eastus2"
        },
        "sku": {
            "value": "Standard"
        },
        "skucode": {
            "value": "Standard"
        },
        "repositoryUrl": {
            "value": "https://github.com/LucasMD2514/atividadecloud"
        },
        "branch": {
            "value": "main"
        },
        "repositoryToken": {
            "value": null
        },
        "appLocation": {
            "value": "/"
        },
        "apiLocation": {
            "value": ""
        },
        "appArtifactLocation": {
            "value": "/"
        },
        "areStaticSitesDistributedBackendsEnabled": {
            "value": true
        }
    }
}